line_id,line_name,line_length,line_station_abbrs,line_station_didoks
100,Lausanne - Simplon Tunnel I - Iselle,3684.602,"BALT,BURI,CHF,CL,GA,GRIL,MA,MX,PDS,RAR,SAL,SAX,SM,TUR,VERX,EV,GRAL,LSE,LTY,RAN,SIET,ST,VERN,VIL,GAMS,LK,PU,SIO,SL,STDG,CHA,CHAR,CRTT,CU,ARD,BRLO,BRTU,BEX,BR,LKK,PRAM,RIV,ROC,SIE,STSA,TAPI,TER,TOUR,VI,VVO,AIG,EPS,LS,LSPA,RID,VEY,VTE,VV","15515,1202,1510,1203,1603,19694,1500,1300,1440,1604,1600,1502,1403,1602,19695,1404,1508,15338,1122,19698,16882,1401,1405,1303,1606,1601,1121,1506,1507,1642,1504,1501,19440,1124,1505,15310,1610,1402,1609,18337,19697,1126,1304,1509,1127,19693,1301,1201,1605,15369,1400,1125,1120,19447,1503,1302,1123,1200"
107,Brig-Lotschberg (Abzw) Brig Tunnel,438.93137,"BRRB,BRLO,BRTU","1641,15310,1610"
109,Simplon Tunnel II,303.15063,"BRTU,STDG","1610,1642"
111,Vevey Ouest - Puidoux-Chexbres,23.89781,"CHX,VVFU,PUI,CORS,LVE,VVO","4013,4015,4012,4040,4009,15369"
112,Vevey - Blonay,0.0,VV,1200
123,Aigle - Le Sepey,0.0,AIG,1400
125,Aigle - Aigle-Depot,0.0,AIG,1400
127,Bex - Villars,0.0,BEX,1402
129,Aigle - Ollon - Monthey-Ville,0.0,AIG,1400
131,Les Paluds - St-Gingolph (Frontiere),152.31166,"AGIP,BOU,GIOV,STGI,LOSI,MAS,MTH,VIO,VOU,CABV,CBY,MTHI,EVOU,PDS","1435,1426,1437,1428,1438,1420,1421,1423,1424,1436,1422,2079,1425,1440"
132,Martigny - Le Chatelard-Frontiere,0.0,MA,1500
133,Martigny - Orsieres,0.01728,MA,1500
149,Gland Ballastiere,68.85025,"GLAO,GBAL","19355,19356"
150,Lausanne - Geneve-Aeroport,1811.4559,"ARCY,CRA,ETOY,GE,GLA,LS,LSBI,MOR,PRNY,REN,RENB,RENO,TAN,TOL,GEPO,GEVO,LONB,MEY,PER,TUI,FOU,GDBE,GEAP,LON,LONA,MIES,NYB,PTC,STP,TUIS,CHNB,CHNE,CHY,CRGD,DENA,ALL,DENB,CEL,GIBU,MUR,NY,STJ,VSX,COP,DEN,GEAF,GESE,GLAO,PRMA,PRN,ROL,SJ,VEN","1147,1017,1042,1008,1031,1120,1139,1037,10681,1118,15354,15355,1015,1046,1038,19692,15337,15561,1034,1011,1016,1021,1026,1048,15336,1014,15645,1013,1036,15367,10684,1027,1020,1012,15322,1035,15323,1024,1032,1029,1030,1047,1022,1023,1045,15329,16283,19355,18452,1040,1033,1039,1018"
151,Geneve St-Jean - La Plaine-Frontiere,738.20416,"COI,SJ,VM,VMC,LP,MANM,CHNE,ZIM,FUBI,RUS,SY","1007,1039,1006,15778,1001,7549,1027,1000,1028,1002,1003"
152,St-Jean - Geneve-Eaux-Vives - Annemasse,858.3443,"CHEB,CHHO,GEPB,GEST,SJ,LABA,FOTN,GEPR,JON,CABS,CABA,GEV,LAPR","16274,16272,17141,16174,1039,16281,2622,1009,1041,18336,17142,16273,16155"
153,St-Jean - Geneve-La Praille,132.30899,"CABS,GEPF","18336,15330"
154,Furet - Jonction,0.9406,"FUBI,JON","1028,1041"
155,Nyon - St-Cergue - La Cure,0.0,NY,1030
156,Morges - Biere,0.0,MOR,1037
158,Geneve Poste 1 - Geneve FB - Geneve,179.23596,"GEPO,GE,GEFB","1038,1008,1010"
159,Nyon - Eysins,2.93749,"NYB,EYSI","15645,16946"
160,Renens VD Ouest - Lausanne-Triage sect.,58.25056,"LTC,LTE,LTB,LTP,LTSE,LTO,RENO","15340,15639,15339,15640,15342,18430,15355"
161,Lausanne-Triage F - Lonay A (bif),29.09,"LONA,LTO,LTF","15336,18430,1150"
162,Lausanne-Triage P1 - Lonay B,19.114891,"LONB,LTP","15337,15640"
163,Lausanne-Triage D - Denges B,15.74851,"DENB,LTD","15323,15341"
164,Lecheires - Denges A,15.62742,"DENA,LECR","15322,1148"
165,Lausanne-Triage Est - Bussigny-Scheu.,27.896091,"BYSC,LTE","15313,15639"
166,Renens VD Ouest - Lausanne-Triage Est,18.34538,"ARCA,LTE,RENO","15301,15639,15355"
167,Lausanne-Triage D - Lausanne-Triage C,15.65576,"LTD,LTC","15341,15340"
168,Archy A - Lausanne-Triage Nord,18.98097,"LTN,ARCY,ARCA","1142,1147,15301"
169,Lausanne-Triage sect. - Bussigny,103.03056,"LECR,LTN,LTS,LTD,BY,BYSC,LT,LTSE","1148,1142,1143,15341,1117,15313,1049,15342"
170,Lausanne-Triage (Est - Sud),24.27062,"LTS,LTE,LTAB","1143,15639,1141"
171,Lausanne-Triage F - Lausanne-Triage Sud,33.01815,"LTK,LTO,LTS","18429,18430,1143"
172,Lausanne-Triage  A/B - B,16.61065,"LTAB,LTB","1141,15339"
175,Lausanne - (LSSB) - Renens VD Est,6.58177,"LSSB,RENB,LSBI","1128,15354,1139"
176,Lausanne-Sebeillon - Lausanne-TRIDEL,3.9242399,"LSTD,LSSB","16276,1128"
200,Renens VD Ouest - Vallorbe,334.41034,"AX,VAL,LSA,RENO,VU,BRT,COS,CR,DAIB,DAY,BY,BYE,DAIL,DAYN","1107,1103,1108,15355,1116,1105,1115,1106,15319,1104,1117,15312,1146,15320"
201,Le Day - Le Brassus,14.298,"DAYN,PT","15320,1100"
203,Frasne - Vallorbe,921.2418,"VAL,VALF","1103,1102"
206,Renens VD Ouest - Bussigny Est,11.5249,"BYE,RENO","15312,15355"
210,Daillens - Biel/Bienne,2263.7986,"BDR,BI,CHV,ESP,GOR,GRS,NE,NEMA,NV,EP,LD,YV,NEBI,ONB,SBL,AUV,BIW,CC,DAIB,BV,CHAV,CHVS,CORN,ECL,ECLN,LIG,LLA,NESE,TUE,VAU,YVES,BAV,CLB,CRNE,POU,TWN","4208,4300,1112,1111,4205,4201,4221,4242,4226,1110,4225,4200,15347,4202,4222,4219,15308,4203,15319,4206,4241,15317,4223,1114,15327,4227,15758,4220,4229,4204,15370,1113,4209,4224,19654,4228"
211,Chavornay - Orbe,-0.12729,CHVS,15317
212,Yverdon - Ste-Croix,-0.095,YV,4200
215,Neuchatel - Neuchatel Est,227.0163,"NE,NEMA,NETR","4221,4242,4240"
216,Cornaux - Raffinerie - Juracime,3.6,"CORI,CORF,CORN","16194,16195,4223"
217,Besancon - Le Locle-Frontiere,481.74,LOCF,4319
218,Frasne - Les Verrieres frontiere,464.84,VERF,4210
219,Auvernier - Les Verrieres frontiere,269.92603,"BOLE,BOV,CVT,NOI,VER,TROU,VERF,COTD,LBA,TR,AUV,CDM","4218,4213,4214,4216,4211,15366,4210,4339,4212,4215,4219,4217"
220,Bern - Neuchatel Est (bif),66.00413,"KZS,BN,BNHB,BWMS,NEMA","15334,7000,16765,15647,4242"
221,Travers limite RVT - Buttes,0.47948,"TROU,TR","15366,4215"
223,Neuchatel-Vauseyon - Chambrelien,41.797752,"CHNN,CP,NEBI,CHN,DEU,NEVS,CHNF","15316,4232,15347,4234,4231,4230,15315"
224,Chambrelien Nord - Le Locle (Frontiere),326.54147,"CF,CHNN,CRET,LOC,LOCF,CFN,COL,CV,HGV,MML,CFO,GEC","4314,15316,4315,4316,4319,15314,4317,4238,4237,4235,4321,4236"
225,Biel/Bienne West - La Chaux-de-Fonds,984.0836,"CO,CTY,LACL,REU,STI,SCB,VT,LCR,MAH,RE,SV,BIW,CFN,LHE,COG,CORM,FRIN,SCBO","4306,4307,19217,4302,4310,4304,4309,4313,4343,4312,4311,15308,15314,4303,4305,4308,4301,15358"
226,Sonceboz-Sombeval - Moutier - Delemont,737.315,"PON,MOU,SCBO,SOR,TA,CT,CHZ,MB,REC,DMT,DMTE","135,105,15358,103,100,104,107,102,101,109,15324"
230,Delemont Est - Basel SBB Ost,1909.6063,"DMTE,DUG,GREL,SBRU,LFN,MST,SOY,BAER,DOR,DUGN,BSDH,LSB,AE,BSO,GRWV,RUC,SOYE,ZWG","15324,116,115,149,113,119,110,112,118,9428,136,111,117,15387,9427,46,18339,114"
232,Moutier - Lengnau Ost,12.6471405,"MOU,LENO","105,15335"
233,Le Locle - Les Brenets,0.0,LOC,4316
234,La Chaux-de-Fonds - Les Ponts-de-Martel,0.0,CF,4314
235,Tavannes - Le Noirmont,44.033,"CF,TA","4314,100"
237,Combe-Tabeillon - Glovelier,30.283,GLO,123
238,Porrentruy - Bonfol,0.0,POR,126
240,Delemont - Delle,1373.4203,"CTM,DMT,GLO,SU,BX,CG,BCT,BSC,CCH,CTT,GRA,POR,CFV","127,109,123,124,144,125,128,122,141,120,143,126,121"
241,Courtemaiche - Bure-Casernes,4.935,"BURE,CTM","131,127"
250,Lausanne Est - Bern,2246.2637,"BNAS,BOSS,GRV,LUY,MTR,PALB,VG,LSE,NEY,OWA,PUI,PUN,ROS,THO,WUE,FLM,FRNO,MRL,NWA,ROM,VD,CVN,AVRY,BWMS,COT,BN,CHAP,FRPO,OR,SIVS,VZ,BNBS,BNWM,CHE,DUED,FRI,JKLM,PAL,ROME,SCMI,SIV,THOD","4108,4003,4011,19129,4029,15350,4030,15338,4027,4117,4012,4000,4028,4104,4113,4103,15663,4007,4105,4023,4021,4010,1632,15647,4026,7000,7918,19133,4020,16162,4024,4106,7010,4025,4101,4100,7012,4014,15356,4102,4022,4115"
251,Palezieux Est - Lyss Nord,2058.5623,"BRG,BZ,GZ,LUC,LYGR,MRT,TREY,GM,KAL,PALB,PALV,PAY,ECU,FG,FRAE,HEN,KZ,KZPP,KZW,LYW,CHAT,CN,DOM,LYN,MD,MUN,ABE,AV,DOP,LOEW,PAYE","4403,4019,4129,4121,18749,4128,4142,4122,4402,15350,4016,4134,4018,4127,4401,4141,4400,16444,18338,15344,4017,4123,4125,15343,4120,4149,4404,4126,4124,4140,15351"
252,Yverdon Est - Payerne,132.84389,"CHP,PAY,SEVA,YND,CHS,CGY,EST,YVES,SIPO","4144,4134,4118,4130,4131,4133,4132,15370,4119"
253,Payerne Est - Fribourg Nord,450.1977,"GIV,TKLL,LECH,PAYE,BF,BOMO,BOBO,COUS,GIVO,GRO,CS,FRNO","4181,4145,4137,15351,4139,4038,4039,4136,5943,4138,4135,15663"
254,Bulle - Romont,18.08936,ROM,4023
255,Givisiez - Murten,26.61901,"MRT,GIVO","4128,5943"
256,Muntelier GFM - Ins,24.7374,MUN,4149
257,Flamatt - Laupen - Gummenen,-0.04402,FLM,4103
258,Kerzers West - Kerzers BLS,21.96598,KZW,18338
259,Kerzers Sud - Kerzers SBB,169.47035,"KZS,KZ","15334,4400"
260,Zollikofen Nord - Biel/Bienne Aebistr.,250.99846,"BUS,SUB,BGG,LYN,MAD,SCUE,STU,BIAE,LY,MUEB,ZOLN","4415,4413,4416,15343,4440,4412,4441,15304,4414,4411,15371"
263,Studen Auto - Studen,55.764,"STU,STUA","4441,4417"
264,Lyss West - Lyss Fulenmatt (Agl),201.28549,"LYFU,LYW","16186,15344"
265,Biel Mett Abzweigung - Biel/Bienne Ost,483.86783,"BIRB,BIRW,BIO,BIMA,BIPO","4340,4341,15307,15757,19667"
266,Madretsch - Biel/Bienne RB West,65.57051,"MAD,BIRW","4440,4341"
267,Biel Produktion Ost - Biel Madretsch,388.2047,"BIHW,BIPO,BIEM,BIRB","15002,19667,17522,4340"
268,Biel Depot Ost - Biel Aebistrasse,196.95323,"BIDO,BIAE","15305,15304"
290,Bern Wylerfeld - Thun,2043.8341,"ALLM,TH,WCH,GUE,KI,UTI,MS,OST,THAB,ALBV,BWYW,GUES,BNWF,BNWK,RUB,THEG,WKD","15527,7100,7007,7003,7008,7009,7006,7002,15629,10284,19180,15643,7001,16766,7005,15365,7044"
291,Lochligut - Wankdorf,205.67564,"LGUS,WKD","4448,7044"
292,Solothurn - Bern RBS,26.85,"ZOL,SO","4410,207"
295,Bern Zytglogge - Worb Dorf,4.97,GUE,7003
298,Bern Holligen - Thun Abzweigung,33.6013,THAB,15629
299,Thun AB - Thun,547.87695,"THB,TH,THSC,THAB","15628,7100,16169,15629"
300,Spiez - Kandersteg - Brig,73.516,BRLO,15310
310,Thun - Spiez - Interlaken Ost,0.54866,"THEG,THSC","15365,16169"
335,Lotschen - Gampel-Steg,49.94788,GA,1603
400,Lochligut - Wanzwil - Rothrist West,109.33924,"WANZ,LGUT,AESP,RTRW","8047,4449,15299,8143"
410,Olten - Solothurn - Biel/Bienne,2183.9685,"BET,BI,BIAE,BIM,DN,EG,HAE,SO,SOAD,HRK,NB,OEN,OL,WBOL,LUT,PIE,SEL,BELL,BIMA,BIBD,BIO,LEN,SW,SWW,BELE,GS,LENO,OB,OLH,WAA","203,4300,15304,4419,209,214,215,207,18963,232,211,212,218,216,208,200,204,205,15757,18771,15307,201,206,15431,19032,202,15335,213,217,210"
411,Solothurn - Niederbipp,14.548,"SO,NB","207,211"
412,Oensingen - Balsthal,0.00567,OEN,212
413,Langenthal - Niederbipp,10.986,"NB,LTH","211,8100"
415,Wanzwil (Abzw) - Solothurn - Busswil,1104.1448,"ARCH,INKV,SO,SORM,BUS,DON,BUER,DER,LE,LUE,SBN,RTI,WANZ","223,16770,207,15425,4415,220,221,226,224,225,227,222,8047"
416,Wanzwil - Inkwil (Tunnel Wolfacher Sud),138.54735,"WANZ,INKV","8047,16770"
417,Langenthal GB - Butzberg Ost (Agl),122.675995,"LTG,BUEO","8144,8142"
418,Anschlussgleis Herzogenbuchsee Nord,132.21515,"HB,HBN","8008,8043"
420,Solothurn West - Moutier,22.313541,"MOU,SWW","105,15431"
421,Solothurn RM - Burgdorf West,20.76443,"SORM,BDFW","15425,15377"
430,Hasle Ruegsau - Thun,51.781532,"THAB,KF","15629,8202"
440,Burgdorf West - Obermatt,60.95541,"OM,BDFW","8240,15377"
441,Langenthal - Huttwil,-0.03513,LTH,8100
445,Huttwil - Wolhusen,25.2598,WH,8215
450,Olten Sud - Bern,2345.0032,"RANS,ROG,RUTT,MAT,RTR,RTRW,RTW,SCHB,BDF,BN,BNWD,BWY,BWYW,HBK,LGUS,LGUT,LTG,SAAC,WY,ZOL,BDFW,HB,HRDF,LTH,LYS,MGT,OLS,UHDB,ZOLN","15731,8101,8049,8002,8103,8143,8007,8001,8005,7000,16161,19030,19180,8003,4448,4449,8144,15357,8006,4410,15377,8008,8000,8100,8004,8102,15418,15368,15371"
451,Aarburg-Oftringen - Rothrist Gleis 1,178.03525,"ABOW,ABO,BFG,RTR","8141,2000,16022,8103"
452,Rothrist - Zofingen (Kriegsschlaufe),0.83337,"ABOS,ABOW","2013,8141"
453,Rothrist Ost - Rothrist Gleis 4,91.05971,"RTR,BFG","8103,16022"
455,Unterhard BE - Aespli,184.74324,"UHDB,AESP","15368,15299"
456,Oberhard BE - Aespli,184.84668,"OHDB,AESP","15349,15299"
457,Hardfeld (Spw) - Mattstetten,276.91547,"HRDF,MAT,OHDB","8000,8002,15349"
459,Rutti - Lochligut,201.48569,"LGUT,RUTT","4449,8049"
460,Gumligen Sud - Fluhmuhle,1232.7458,"ESCH,HAS,LN,OM,RUV,WST,ZAE,EMM,LIT,SCUB,TSCH,WB,WH,WIG,KF,SIGN,BACH,BOW,DOPP,ENT,GUES,SCHA,SCHH,TI,FMUE,MAL,SCHG","8210,8212,8207,8240,10283,8216,8203,8206,8219,16280,8208,8200,8215,8209,8202,8205,16278,8204,8214,8213,15643,8217,8211,8201,5043,8218,16279"
470,Luzern - Meiringen,0.76799,LZZB,18891
500,Basel SBB - Olten - Luzern,2142.4473,"BSO,GTS,LSN,OBK,OLN,OLTU,PRW,WAU,FMUE,HEIM,HUEB,LSTN,LZ,NEB,PRO,REID,SIS,TK,GELW,GSAG,HBTN,MUOS,RBGD,SEM,SS,DAG,BSNO,ABO,ABOS,BRIT,BS,EBR,GKD,LZEF,MU,NO,OL,PR,FRE,HBTS,IT,LST,OLS,PRUW,RBG,STER,ZF,ZFN","15387,5041,24,2011,243,241,15422,2006,5043,15732,15404,15272,5000,2005,15420,2003,26,28,15400,2028,29,15984,2012,2009,2007,2004,15386,2000,2013,2002,10,2021,27,5045,20,2008,218,21,22,247,25,23,15418,15421,2020,2010,2001,15435"
5001,Amsteg Zugangsstollen,1.89255,"ASZW,ASZO","18488,18489"
5002,Amsteg Kabelstollen,1.73953,"ASSW,ASKO","18491,18490"
5003,Sedrun Zugangs- und Entluftungsstollen,1.38141,"SEZU,SETS","18492,18493"
5004,Faido cunicolo di accesso,2.58956,"FACE,FACO","18495,18494"
5005,Bodio cunicolo di aggiramento,1.26169,"BOCS,BOAN","18496,18497"
501,Muttenz - Adlertunnel - Liestal,20.534039,"LSTN,MUOS","15272,15984"
5010,Sigirino finestra,2.3326402,"SIFE,SIFO","18499,18498"
5020,Bozberg Dienst- und Rettungsstollen,81.40999,"BOZS,BOZN","10214,10215"
503,Sissach - Laufelfingen - Olten,269.70093,"OL,OLN,SIS,LF,RLG,SOM,TRI,DIE,BUC","218,243,26,35,33,32,37,31,34"
504,Zofingen - Suhr,64.08573,"ZFN,KGD,SUHR,KK,KKO,SAF,OEF,WAST","15435,2120,2103,2101,2122,2100,2102,2121"
510,Mulhouse-Ville - Basel SBB,558.32043,"BSSJ,BS,BSW,BSFR","16,10,15389,52"
511,Basel SBB - Basel GB - Basel RB,31.200901,"BSHA,PRUW,BSGO,BRBT,BSGB,BSNK,BSO,BSJA,BSRB","5032,15421,15,15379,40,44,15387,38,13"
512,Ruchfeld - Basel SBB GB St.Jakob,363.622,"BSVL,RUC,BSGO","47,46,15"
513,Basel SBB GB Verbindungslinie,242.94717,"BSGB,BSVL","40,47"
514,SNCF Verbindungslinie,426.19867,"BSO,BSSS,BSW","15387,11070,15389"
519,Basel SBB - Gellert: Gleis 400,3.3941498,"BSNO,GELL","15386,45"
520,Gellert - Basel Bad DB,10.42939,"GELN,GELL,BSVB,GELW","15399,45,16180,15400"
521,Umfahrung Sud: Basel SBB RB I - Muttenz,11.09446,"BSHA,BSNK,MU","5032,44,20"
522,Umfahrung Nord: Gellert - Pratteln,18.82542,"PRUW,BSOS,BSNK,GELN","15421,15388,44,15399"
525,Basel SBB RB - Basel Auhafen,0.0145,BSNK,44
527,Birsfelden Ost (Abzw) - Schweizerhalle,4.62976,SHAL,19
528,Ruchfeld - Basel SBB Dreispitz,0.98136,"RUC,BSDS","46,400"
529,Basel SBB RB II - Birsfelden Ost (Abzw),24.0792,"SHAL,BSOS,BSAS","19,15388,15381"
530,Basel SBB RB I  - Schweizerhalle,14.19646,"PRW,BSAS","15422,15381"
531,Olten Verbindungslinie,75.81488,"OLN,OLO","243,244"
540,Olten - Woschnau,359.30127,"DKO,DKRB,OL,WOES,DK,OLO,SCOE,DU","2143,16159,218,2125,2111,244,2112,2110"
551,Luzern Verbindung GB,284.38593,"LZGB,LZGE,LZEF","5009,9028,5045"
552,Luzern Verbindung Seeverlad,189.76834,"LZEF,LZSE","5045,15737"
570,Gutsch - Kussnacht - Immensee,77.40351,"GTS,IMW,MEGZ,LZVH,MERL,KUE,MEG","5041,15405,5018,17336,5011,5002,5001"
580,CBT Est,1166.3042,"SADI,VEZB,CAMN,CAMO,CAMS","16168,15720,15977,15733,15978"
581,CBT Ovest,1011.29114,"SADI,CAMS,VEZB","16168,15978,15720"
590,Verbindungslinie GBT Pollegio Nord,314.36353,"POLN,POZZ","15974,15715"
591,Verbindungslinie CBT Est Camorino Nord,453.44318,"SAD,CAMN","18217,15977"
592,Verbindungslinie CBT Ovest Camorino Sud,454.3131,"GIUO,CAMS","15975,15978"
593,Verbindungslinie CBT Est Camorino,453.85034,"CAMO,GIUO","15733,15975"
594,GBT West,1337.5336,"SSMN,SSMS,RYSP,FSMF,POZZ,RYAB","18322,18323,15712,18304,15715,16251"
595,GBT Ost,981.2521,"POZZ,SSMF,RYSP,FSMS,POLS,FSMN,GIDI","15715,18303,15712,18325,18307,18324,15717"
597,Spurwechsel Sedrun SMF,363.0,"SSMN,SSMS,SSMF","18322,18323,18303"
598,Cambiamento binari Faido SMF,721.03766,"FSMF,FSMN,FSMS","18304,18324,18325"
600,Immensee - Bellinzona - Chiasso,9632.755,"AL,AP,EGW,FL,GDO,GIDI,LG,LGPC,MASN,MDEC,MOSM,SCHW,SK,SORD,ZGRG,ER,ERNA,GIOC,IM,MAR,MDE,MEN,OS,POLN,RIB,RYN,STNS,TAVS,VEZB,GIUS,GOE,GU,LAM,LGN,MENS,MEZ,MEZC,RO,RYAB,SIGI,WAS,CAP,CASN,CHI,CHIG,CLA,AI,ALM,BASM,BEL,BEPI,BIA,BO,BRUA,CASI,CAST,CHIB,BAL,BRM,FA,GIU,GOTN,GRUO,IMW,LGP,PARD,PFAF,RIBN,SKN,SPAO,VIGA,ALME,ALSA,AS,BRU,CAOS,GD,GIO,LAV,MCEN,PIA,STN,TAV","5113,5202,5142,5112,15397,15717,5300,15409,15412,15414,18475,5006,5111,5241,5144,5114,16699,5245,5003,5303,5302,5305,5210,15974,5216,16250,16179,15432,15720,15402,5119,5117,5219,15408,15415,5217,5248,5203,16251,16933,5118,5304,18908,5307,5243,5211,5201,5247,5347,5213,16165,5209,5207,15380,18259,5212,15392,5306,5042,5204,5214,5141,5140,15405,5301,5242,5143,15423,15426,5239,5246,15373,15374,5115,5007,10896,5004,5206,5205,15413,5244,5005,5218"
601,Rynacht -  Erstfeld Nord Gleis links,79.85423,"RYAB,ERNA","16251,16699"
602,Arth Goldau - Rigi Kulm,0.0,GD,5004
604,Brunnen - Sisikon (Gleis links),47.25,"SKN,BRUA","15426,15380"
605,Sisikon - Gruonbach (Gleis links),56.76658,"SK,GRUO","5111,5140"
606,Al Sasso - Al Motto (binario sinistro),320.94238,"ALME,ALSA","15373,15374"
607,Mt. Ceneri - Rivera  (binario destro),327.43134,"MCEN,RIBN","15413,15423"
608,Massagno - Lugano (binario destro),358.42133,"MASN,LGN","15412,15408"
629,Chiasso SM - Gruppo S - Chiasso,410.7796,"CHIB,CHSN","15392,15394"
630,Giubiasco - Locarno,1957.6959,"SAN,LOP,GIUS,LO,MINU,CDO,CD,GIUO,RIAZ,GDA,SAD,TEN","5415,15410,15402,5400,5417,15391,5404,15975,5412,5402,18217,5401"
631,Cadenazzo - Pino confine,1009.1078,"RZO,SN,CDO,GER,MAG,QUA","5408,5407,15391,5410,5406,5405"
633,Taverne-Torricella - Lugano Vedeggio,353.02362,"LGV,TAVS","5345,15432"
634,Mendrisio Sud - Stabio,4.09071,"MENS,STAF","15415,17519"
636,Capolago-Riva S. Vitale - Monte Generoso,0.0,CAP,5304
637,Chiasso Smistamento - Chiasso,410.76837,"CHIB,CHSN","15392,15394"
638,Balerna SM - Chiasso Smistamento,612.88995,"CHSM,BASM,CHSN","5309,5347,15394"
639,Monte Olimpino II - Chiasso Smistamento,53.36063,CHSM,5309
640,Brugg - Rupperswil,232.54391,"HOBK,RU,SBAD,WI,RUO,BG","2128,2114,2116,2115,15424,309"
641,Rupperswil Ost - Rupperswil Gleis rechts,85.94357,"RU,RUO","2114,15424"
645,Lenzburg West - Suhr,190.93451,"SUHR,LBW,HU","2103,15407,2104"
646,Brunegg - Magenwil West (Abzw),1.28725,"MAET,BRGG","19042,19041"
647,Brugg - Hendschiken Nord,41.67001,"HDKN,LUPF,BRF,BRGG,BGS,BIRR,BG,OTH","15403,2237,2210,19041,342,2247,309,2105"
648,Brugg Sud - Brugg Nord (VL),63.595963,"BGN,BGS","341,342"
649,Aarau - Woschnau Tunnel alt,84.06134,"WOET,AA","15271,2113"
650,Killwangen West - Lenzburg - Daniken Ost,552.7174,"KLWW,MAEG,MAET,GEXO,LANG,WOET,GMT,LB,OTH,WOES,DKO,AAGB,AA,LBW,GEXI,HBLO,MELH,RU","15450,2106,19042,15401,2129,15271,2131,2119,2105,2125,2143,2136,2113,15407,2133,15447,16219,2114"
651,Hubeli - Beinwil - Lenzburg,487.54376,"BLL,HO,ESB,HOSA,WAB,ESEE,HD,HIK,HUEB,MO,SENO,BONI,BW,BLG,BLGK,BWL,SE,BOWN,GELF,LBSE,LBW","2023,2024,2022,2042,2017,2019,2031,2027,15404,2029,2043,2032,2034,2025,16353,2033,2030,18171,2026,18791,15407"
653,Gexi Ost - Rotkreuz - Immensee West,1451.4865,"HDKN,RK,GEXO,OI,SINS,WALS,WO,WON,BOS,BRGL,DOTU,DOT,HDK,IMW,BNZ,MI,MUEH,WOSU","15403,2202,15401,2219,2218,15540,2213,15433,2214,15542,2239,2212,2211,15405,2216,2215,2217,15434"
654,Gexi - Hendschiken Nord (Gleis links),128.83887,"GEXI,HDKN","2133,15403"
655,Wohlen BDWM - Bremgarten West,0.49637,WOSU,15434
657,Wohlen - Villmergen,0.0,WON,15433
660,Thalwil - Zug - Fluhmuhle,991.54395,"HGO,FMUE,HUCH,ORDD,ROTS,ZGSE,LBD,SBG,ZG,BAAL,CHAA,BAA,EBI,KOLM,TW,ZGN,BAAN,BURN,CHAM,EBSD,GSK,HUZY,KMUE,LITT,RK","2208,5043,2306,2209,2241,16187,15997,2207,2204,15993,15995,2206,2200,16744,3202,15436,15992,16350,2203,9008,2201,15996,2230,2242,2202"
664,Zug Nord - Zug Sud,57.94834,"ZGS,ZGN","15437,15436"
665,Zug Sud - Arth-Goldau,62.43892,"GDNW,WCHW,ZGPP,ZGS,GDMF,WCHN,ZGFR,ZGCA,WCHO,ZGO","15396,2205,2300,15437,2240,19607,15994,17527,17112,2231"
666,Goldau Nord - Goldau Ost,18.18681,"GDO,GDNW","15397,15396"
670,Wadenswil - Einsiedeln,-0.09455,WAE,3206
671,Rapperswil - Pfaffikon Ost (SOB),3.5211399,"PFOS,RW","15165,3110"
672,Pfaffikon SZ - Samstagern,4.02465,PF,3209
673,Biberbrugg - Arth-Goldau,38.19952,GDO,15397
691,RBL Kopf Zurich - Killwangen West,73.229706,"RBLZ,KLW,RBL,RBLK,KLWW","3042,3506,3507,3041,15450"
692,RBL Nord,90.848114,"RBLL,RBLA,RBLR,RBLD,RBLZ,RBLK,RBLU","3544,3044,3549,3043,3042,3041,3048"
693,RBL Mitte,55.24129,"RBLE,RBLK,RBLD,RBLR","3034,3041,3043,3549"
694,RBL Depot,24.70812,"RBLD,RBLO","3043,3542"
695,RBL R-Gruppe,39.88791,"RBLO,RBL,RBLR","3542,3507,3549"
696,Ein-/Ausfahrt RBL Feld A,25.484001,"RBLA,SILB","3044,15592"
698,Killwangen West -411- Heitersbergl. Ost,33.996246,"HBLO,KLWW","15447,15450"
700,Brugg - Pratteln Ost,1176.0725,"MPF,EI,KAU,PRSR,FCK,HNS,SDO,STS,BG,BGN,BUHA,DOSS,EFG,KIM,PRO,RFAU,VSPW,MOE,NIF,RF,STSO","303,304,300,17131,305,306,308,320,309,341,15166,343,307,15170,15420,313,312,302,15171,301,15474"
701,Eglisau - Koblenz - Stein Sackingen Ost,1086.022,"KAAG,KB,RIET,SZ,EGL,EZG,KAIO,LFG,SCWA,STSO,ZZ,MELN,REK,WK,FE,FU,KBD,LEI,MWIA,RUEN,SLN,ZWD","3413,329,3410,323,3402,324,15448,322,325,15474,3409,3414,3408,3406,328,327,3411,326,15162,3415,321,3405"
702,Turgi - Koblenz - Waldshut,290.702,"TG,WUZW,KBGR,KLI,KBS,DOE,KB,SIG","3503,15756,330,16176,18899,3501,329,3502"
703,ZH Oerlikon Nord - Wettingen - Gruemet,534.45636,"BUD,OF,OFR,WE,ZSEO,MEL,WUER,ZAF,GMT,REGW,DAET,BDO,ZOEN,ZSEB,REG","3527,3528,3525,3505,15496,2107,3529,3008,2131,15462,2108,2109,15494,3007,3526"
704,Wurenlos - Killwangen West (RBL),80.03734,"KLWW,WUER","15450,3529"
705,Tanklager Otelfingen Ost - Otelfingen,97.78853,"TAOO,TAO,OF","15479,15477,3528"
706,Zurich Seebach - Glattbrugg Sud,18.70937,"ZSEO,GLBS,OPS","15496,15460,3035"
708,Zurich Altstetten - Einfang,16.1637,"ZAS,ZMUE,EINF","3001,3039,3510"
709,Zue Vorbahnhof Nord - Zurich Altstetten,10.05353,"ZVBN,ZAS,ZLST,ZHER","15760,3001,3047,3012"
710,Zurich HB - Brugg AG,227.18088,"KLW,RBLZ,SILB,TG,ZHDB,EINF,GLZB,WE,ZAS,ZHDW,KLWW,NHOF,ZASO,ZLST,ZUE,BG,BD,DT,SCHL,ZULQ,ZUN","3506,3042,15592,3503,3020,3510,3512,3505,3001,3036,15450,3511,15487,3047,3000,309,3504,3508,3509,16199,15164"
711,ZH Hardbrucke - Kollermuhle,309.0936,"MTM,URDW,ZASN,HEDN,HED,KNO,URD,AF,BIRI,BIR,BON,KOLM,STE,ZAS,ZASS,ZHDB,STRI","2225,2229,15763,17119,2223,2226,2220,2224,2243,2221,2222,16744,2227,3001,15488,3020,18459"
712,Zurich Selnau - Adliswil - Sihlbrugg,17.36071,SBG,2207
714,Zurich - Altstetten (Sudeinfahrt),8.23863,"ZASO,ZLST,ZVB,ZVBO","15487,3047,3025,15761"
715,Zurich Altstetten Ost - Zurich Hard,1.1306101,"ZASN,ZASO,HRD","15763,15487,3038"
716,Zurich Hardbrucke - Zurich Herdern,5.1680403,"ZHDB,ZHER","3020,3012"
717,Zurich Giesshubel - Zurich Wiedikon,1.06916,ZWIE,3011
718,ZH Aussersihl - ZH Altstetten Sud,12.1017,"ZASS,ZVB,ZAU,ZGV,ZHW","15488,3025,15482,15298,15145"
719,ZH Langstrasse - ZH Altstetten Sud,11.3346,"ZVBW,ZASS,ZLST,ZVB,ZVBN","3026,15488,3047,3025,15760"
720,ZH Langstrasse - Thalwil - Ziegelbrucke,738.7575,"RI,TWNO,TWS,ZAU,ZBW,ZWOL,MEIB,TW,FRB,HAF,LA,PFOS,RG,RUES,SCBU,ZWIE,ALTD,BAE,BIL,ORD,SIB,ZB,ZLOG,ZLST,AU,HG,KIL,PF,WAE,ZEN","3207,15177,15481,15482,15490,3009,3215,3202,3210,3212,3220,15165,3223,3201,3222,3011,3211,3208,3224,3203,3221,3225,15627,3047,3205,3204,3200,3209,3206,3010"
721,Thalwil - Thalwil Sud,25.064999,"TW,TWS","3202,15481"
722,ZH Langstrasse - Nidelbad - Litti,28.742489,"ZAU,ZLOG,NIDB,NIDS,ZKOL,ZLST","15482,15627,3328,3248,3024,3047"
723,Nidelbad Sud - Thalwil Nord,33.55298,"TWNO,NIDS,NIDO","15177,3248,3329"
725,Nidelbad - Nidelbad Ost,21.049149,"NIDB,NIDO","3328,3329"
730,Zurich Stadelhofen - Rapperswil,337.58545,"FEWA,KUES,WIN,ZTB,HERL,KGO,MAEN,ML,ZTBN,RW,UER,ZSTH,ERLB,UET,FB,KPT,STAE,ZK","18251,3101,3111,3004,3103,3141,3106,3104,10558,3110,3108,3003,3102,3105,3109,3112,3107,3100"
735,Ziegelbrucke West - Rapperswil Ost,381.62665,"RWO,SCME,UZ,ZBW,BOL,BLU,BNK,SCAE","15466,3115,3116,15490,3114,3113,3118,3119"
736,Ziegelbrucke Ost - Linthal Gleisende,1177.1401,"GL,LINB,LINE,MIT,NET,RUET,LU,NID,SCHD,EDA,LIN,NAEF,DSB,ZBO,LGB,NOU","3230,3240,15453,3232,3228,3238,3236,3234,3233,3231,3239,3227,3237,15489,3235,3226"
740,Rapperswil - Uster - Wallisellen Ost,1060.6249,"AAT,CHRI,JO,SCWE,RW,RWO,WSO,WZ,DUE,NAEN,RUEW,UST,BUB,RUE","3124,3149,3120,3127,3110,15466,15486,3123,3128,3126,15465,3125,3122,3121"
742,Hinwil - Baretswil - Bauma,39.22852,"BMA,HI","3134,3130"
745,ZH Langstrasse - Dietlikon Sud (S-Bahn),1039.0608,"NEGO,ZSTH,NEGW,STET,ZHOT,ZSWE,ZLST,DTLS,ZHOS,ZMUS","15456,3003,15457,3147,15495,10554,3047,15440,10557,15163"
746,Neugut Ost (Abzw) - Chriesbach (Abzw),216.72107,"NEGO,CHRI","15456,3149"
747,Neugut West (Abzw) - Chriesbach (Abzw),216.50116,"NEGW,CHRI","15457,3149"
748,"ZH Altstetten - ZH Oerlikon, DML",1209.5841,"ZOES,ZLOE,ZOER,ZASO,ZVB,ZLST","16145,16144,3006,15487,3025,3047"
750,ZH Oerlikon Nord - Dorfnest,35.49071,"DORF,OP,ZOEN,ZFH","3337,3340,15494,3016"
751,ZH Langstr. - Wallisellen - Winterthur,365.56387,"BRSL,DTLN,DTLS,EF,WEIA,WWY,ZOER,KE,W,WNO,WSBA,WSO,ZLST,HURW,TOEM,ZOES,DTL,TOSB,WS,ZWIP,DTSW,HUER,HURO,WSFU,WWE,ZAUB,ZVIA","8299,8289,15440,3305,8335,16647,3006,3304,6000,15484,8279,15486,3047,18270,15178,16145,3306,8333,3129,3015,10457,3338,18271,8284,6032,16652,15179"
752,Zurich Oerlikon Nord - Hurlistein (Abzw),125.166504,"BALW,KL,ZOEN,OP,HUER,OPS,BSDO,BSD,DORF,KLB,RT","19645,3308,15494,3340,3338,3035,8328,3307,3337,3309,3339"
753,Effretikon - Wetzikon - Hinwil,90.1463,"WZ,FET,HI,EF,WITZ,IL,KN,PFZ","3123,3302,3130,3305,3335,3303,3300,3301"
754,Winterthur Gruze - Bauma - Ruti ZH West,354.88803,"SKY,TD,WGR,KOL,RUEW,WILA,WSEE,GIB,STG,BMA,FI,RN,WL,RMZ,SD,TU","6003,3139,6001,6004,15465,6008,6002,3137,3135,3134,3136,6005,3138,6006,6009,6007"
755,ZH Langstrasse - ZH Viadukt,1.36563,"ZVIA,ZLST","15179,3047"
756,Ueberwerfung Hurlistein,28.921162,"HURO,HURW","18271,18270"
757,Kloten - Dorfnest (Uberwerfung),24.67706,"DORF,KL","3337,3308"
758,ZH Langstrasse - ZH Vorbahnhof (Gl. P24),2.90484,"ZLST,ZVB","3047,3025"
759,Zurich Vbhf Ost - Vbhf Nord,3.3720598,"ZVBN,ZVBO","15760,15761"
760,Zurich Hardbrucke  - Bulach,92.8314,"GLB,ZOEN,HRD,OGL,ZOER,GLBS,BUE,NG,RUEM,TALR,ZHDB","3310,15494,3038,3312,3006,15460,3400,3313,3311,15476,3020"
761,Oberglatt - Niederweningen Gleisende,160.80716,"NWD,SCHO,NIE,STMR,NW,NWGE,OGL,DI","3318,3317,3314,3316,3319,15459,3312,3315"
762,Winterthur Nord - Schaffhausen RB Ost,610.8608,"AN,MTL,NH,SRBO,SHRB,HET,MEDE,SLF,WNO,DA,HGT,SH,SHGE","6047,6048,3423,15473,3440,6045,15722,6039,15484,6049,6046,3424,19622"
763,Basel Bad Bhf - Waldshut - Schaffhausen,364.421,SH,3424
764,Schaffhausen - Singen - Konstanz,731.7709,"SRBO,SH","15473,3424"
768,Niederglatt - Tanklager Oberhasli West,96.68836,"TAOW,NG,TAFR,TAOH","15480,3313,15475,15478"
769,Winterthur West - Bulach,43.55622,"BUE,WTOE,WWE,EMB,PFU,WWUE","3400,6044,6032,6041,6042,6043"
770,Bulach - Eglisau - Neuhausen,254.40236,"GF,NH,NHRH,EGL,BUE,LOTS,RZ,FISH,HUEW","3401,3423,18924,3402,3400,11218,3404,18156,3403"
7744,Zurich Viadukt - Letten (abgebrochen),10.23979,"ZVIA,ZLEE,ZLET","15179,15493,3002"
819,Etzwilen - Singen,31.80917,EW,6025
820,Etzwilen - Schaffhausen,402.27042,"SCHT,SH,FT,EWW,SCHN,STKT,LAN,DSH,EW,STKW","3427,3424,3425,15443,3429,6148,3426,3428,6025,19194"
821,Oberwinterthur - Etzwilen West (Abzw),121.750534,"DIH,SEU,TLH,WWAL,EWW,REUT,OWT,OSS,STM","6021,6020,6022,6038,15443,6036,6016,6023,6024"
822,Etzwilen - Konstanz,576.94403,"EW,EZ,TAMO,MANN,TRIB,STK,BER,ERM,MAM,TAEG,KR,STR","6025,6138,16163,6134,6118,6136,6135,6133,6137,6132,6131,6139"
823,Kreuzlingen - Kreuzlingen Hafen,122.48993,"KRH,KR","6128,6131"
824,Romanshorn - Konstanz,1022.5081,"ALN,GUET,KRH,MSPI,RH,KWL,UTW,BOT,LDS,KURZ,MSCH","6125,6124,6128,6143,6121,6123,6122,6127,88122,6119,6126"
825,Romanshorn Feld H - Rorschach,808.3962,"EGN,STCH,ARBS,ARB,RHS,RS,HN,RHH,RSHF","6309,16271,16270,6308,6144,6311,6307,15463,6306"
830,Wil - Weinfelden,104.71726,"MAE,OPP,TOA,WF,WFS,WIL,BNG,BRO,BROA,BTW,TAEN","6184,6185,6183,6105,6191,6206,6190,6181,6188,6182,6168"
831,Weinfelden - Tagermoos,278.53934,"SHAU,LENG,WF,AHAU,KHF,KRB,TAEM,TAMO,BERG","6195,6196,6105,6199,6193,6197,6198,16163,6194"
840,Winterthur Nord - Romanshorn,1185.5652,"FEL,OA,OWT,RIK,SLG,WNO,ISL,MAER,RHH,WD,AW,BGL,MUEL,WFKV,ERL,FF,HM,RH,RHW,SCAL,WF,ZFFR","6101,6108,6016,6018,6217,15484,6019,6104,15463,6017,6109,6106,6103,6117,6107,6100,6102,6121,6145,15176,6105,6115"
841,Oberwinterthur - Oberw. Unterhaltanlage,60.27327,"OWT,OWTU","6016,6037"
842,Oberwinterthur - SA Punten,61.18038,"OWTP,OWT","18875,6016"
843,Frauenfeld - Frauenfeld Paketpost,86.49275,"FF,FFPP","6100,6147"
848,Romanshorn West - Romanshorn Sud (VL),162.75372,"RHS,RHW","6144,6145"
850,St.Gallen - Winterthur Nord,2675.9592,"ESL,WILS,GUN,SCHK,UZW,WGR,WHE,GSS,SCHZ,SGBR,SGWI,SNT,WIL,ALG,BUDZ,AD,EL,SCAL,SG,SGW,SIR,WNO,FLA,RAET","6011,15483,6012,6035,6208,6001,16218,6210,6207,6301,6300,18794,6206,6220,6219,6013,6014,15176,6302,6218,6010,15484,6209,6015"
852,Sulgen - Gossau SG,104.32227,"BZS,HPT,SLG,GSSO,SIT,ARN,GSS,KRA,BZN","6213,6212,6217,6239,6214,6211,6210,6216,6215"
853,Wil Sud - Wattwil - Uznach,123.44705,"BUET,DTF,LUET,BAZM,BAZZ,KAB,UZ,WILS,BAZ","6203,6202,6204,6224,6223,3117,3116,15483,6205"
857,Rorschach Ost (Abzw) - Heiden,0.06006,RSO,15464
858,Rheineck - Walzenhausen,0.03434,RCK,6313
869,Romanshorn Sud - St.Gallen St.Fiden,20.28536,"RHS,SGF","6144,6303"
870,St.Gallen West - Lichtensteig,22.52032,SGW,6218
880,Sargans Ost - St.Gallen,1187.5219,"BU,NGR,RS,SEV,HEBG,SANO,SGF,TRUE,GOL,MOER,ORT,REB,SG,SMGO,STA,ALT,AUSG,ALRH,HOT,RSST,RTH,SAOS,SMG,HAG,RCK,RSO,SAS","9404,9422,6311,9406,6317,15468,6303,9408,6305,6304,9400,6318,6302,15471,6312,6319,6316,15444,15168,6322,9401,15469,6314,9403,6313,15464,9402"
881,Sargans Schl. West - Schleife - Trubbach,7.6646,"SASL,TRUE,SASW","9421,9408,15470"
882,Feldkirch - Buchs SG,18.526,BU,9404
883,St. Margrethen Ost - Lauterach Nord,0.55548,SMGO,15471
884,Buchs - Buchs RB,37.877327,"BU,BURB","9404,16703"
890,Sargans Ost - Ziegelbrucke,210.52069,"MH,WN,SAOS,UNT,ZBO,MG,TIEF,WAL,FMS,ZB,MELS,SA","9418,9419,15469,9416,15489,9417,9420,9414,9413,3225,9412,9411"
900,Sargans Ost - Chur West (Gleisende),122.85875,"BRAG,SASW,TRIM,MF,SAOS,LQ,ZIZS,CH,CHW,ROR","9004,15470,9040,9003,15469,9002,9001,9000,15439,9044"
910,Landquart - Klosters - Sagliains,0.0,LQ,9002
9148,Geneve-Souterraine,245.34,"GESO,CHNB,CHNS,PRNY","9287,10684,10683,10681"
920,Landquart RhB - Chur - Disentis,13.87121,"LQ,CH","9002,9000"
9210,La Neuveville - Tuscherz,378.56622,"POU,TUE,TWN,NV","19654,4229,4228,4226"
9211,Chavornay - Les Granges (Orbe) Projet,27.45883,CHV,1112
9220,Bern Henkerbrunnli - Bern Bumpliz Nord,4.75418,"BN,BNHB,BHOL,BWEY","7000,16765,10365,19034"
9224,LeLocle - LeLocle-Col-des-Roches (proj),75.928925,"LOC,COL","4316,4317"
9250,Bern Bumpliz Sud - Bern,475.1119,"BNBS,BNAS,BN,BNVB,BWEY","4106,4108,7000,10364,19034"
9254,Vuisternens - Romont Projet,17.20737,ROM,4023
9296,Gumligen Sud - Allmendingen BE,230.7421,"ALBV,GUES","10284,15643"
9298,BN Weyermannshaus GB - BN Europaplatz,6.10505,"BWEY,BNVB,BHOL","19034,10364,10365"
9461,Gumligen Sud - Rufenacht BE,18.380161,"RUV,GUES","10283,15643"
9495,Basel St.Johann - Basel Mitte,0.001,"BSM,BSSJ","10698,16"
9496,Basel Klybeck (Spw) - Basel Mitte,0.003,"BSK,BSKO,BSM","10699,10700,10698"
9497,Basel St.Johann - Basel SBB GB West(Spw),0.010000001,"BSSJ,BSM,BST,BSGW,BSTO","16,10698,10697,10693,10696"
9498,Basel Rankhof - Basel Gundeli Ost,0.021,"BSKO,BADT,BST,BSGI,BSK,BSM,BSRA","10700,10701,10697,10695,10699,10698,10702"
9499,Dreispitz Nord - Basel SBB Tiefbf Ost,0.001,"BSDN,BSTO","10694,10696"
9501,Projekt Juradurchstich,35.4,"LST,OLN","23,243"
9509,Hagnau - Hagnau Ost,0.001,"BSHA,BSHO","5032,10692"
9515,Gellert Sud - Hagnau Nord,0.001,"BSHN,GESD","10687,10688"
9524,Gellert Sud - Basel SBB RB Nordkopf,0.003,"BSNK,GESD,BSHM","44,10688,10689"
9527,Hagnau - Basel Werkstatte Hardacker,0.001,"BSHA,BSWH","5032,10690"
9553,Neustadttunnel Ost - Neustadttunnel West,0.0,"LNTW,LNTO","9013,9012"
9571,Ebikon Sud - Luzern Tiefbahnhof Gleisend,296.901,"LZTE,EBSD,LZTB","11538,9008,9010"
9599,Castione Officine,439.08606,"CAOT,CAOF,CAOS","10895,10281,10896"
9660,Sihlbrugg - Baar Projekt ZBT2,71.401886,"SBG,LITW,BAA","2207,11498,2206"
9668,"Projekt Alptransit Spange Rotkreuz""""",95.397995,"FREU,BRGL","17107,15542"
9722,Nidelbad Sud - Baar Nord (West),43.07173,"NIDS,LITW,NISO","3248,11498,11019"
9724,Meilibach (Abzw) - Sihlbrugg,5.0,"MEIB,SBG","3215,2207"
9726,Nidelbad Sud - Baar Nord (Ost),32.8336,"NISO,LITW","11019,11498"
9728,Riesbachtunnel II,204.835,"ZTBN,ZSNO,ZSOS,ZSWE","10558,10555,10556,10554"
9729,Zurichbergtunnel II,302.84625,"ZSOS,ZHOS","10556,10557"
9751,DTLN - BRSL Projekt,23.82075,"BRSL,DTLN","8299,8289"
9780,Bruttenertunnel West,164.52007,"DTLN,MBGW,TOEM","8289,19643,15178"
9781,Bruttenertunnel Ost,164.43457,"DTLN,MBGO,TOEM","8289,19644,15178"
9782,Bruttenertunnel Nord,106.17987,"BSDO,MBGW","8328,19643"
9783,Bruttenertunnel Sud,106.03476,"BSDO,MBGO","8328,19644"
9784,Bassersdorf - Baltenswil (Abzw),31.46795,"BALW,BSDO","19645,8328"
9785,Dietlikon Nord - Bruttisellen,23.8489,"DTLN,BRSL","8289,8299"
9790,Wallisellen Herti - Wallisellen Belair,14.641451,"WSBA,ZAUB","8279,16652"
9791,Wallisellen Furt - Dietlikon Sud-West,20.40143,"WSFU,DTSW","8284,10457"
9792,Tossmuhle Steigbach-W'thur Eichliacker,107.997665,"TOSB,WEIA","8333,8335"
9793,W'thur Eichliacker - W'thur Wylandbrucke,165.17854,"WEIA,WWUQ,WWY","8335,10667,16647"
9794,W'thur West Unterquerung - W'thur Toss,102.75116,"WTOE,WWUQ","6044,10667"
